{
  "samples_num": 300,
  "incomes_factor": 1,
  "expenses_factor": 0.3,
  "learning_time": 10,
  "optional_nests": [
    [
      32.08124001081996,
      34.772573392487786
    ],
    [
      32.085938229290896,
      34.776601003424155
    ],
    [
      32.07934222413512,
      34.77660449590313
    ],
    [
      32.101945,
      34.79708721505441
    ],
    [
      32.070772663259795,
      34.75913051486551
    ],
    [
      32.082201991015864,
      34.77090647275879
    ],
    [
      32.06942171914082,
      34.77262796237568
    ],
    [
      32.06796504747189,
      34.77806306121432
    ],
    [
      32.07912311293225,
      34.785601047405926
    ],
    [
      32.07478404990965,
      34.77316225143103
    ],
    [
      32.05655,
      34.78749585385754
    ],
    [
      32.0893953059977,
      34.776388219356434
    ],
    [
      32.07795600911127,
      34.77791433560155
    ],
    [
      32.09659890768978,
      34.781424363765765
    ],
    [
      32.085119678414884,
      34.77537108368729
    ],
    [
      32.0921133720488,
      34.78093070498426
    ],
    [
      32.06352039179787,
      34.772436246885135
    ],
    [
      32.07712778184978,
      34.78086554979344
    ],
    [
      32.075500421879376,
      34.78020101445202
    ],
    [
      32.076778337323134,
      34.78065253342091
    ],
    [
      32.07145683172632,
      34.78130080920599
    ],
    [
      32.08163048197398,
      34.779117722831366
    ],
    [
      32.07090842445136,
      34.779925120693946
    ],
    [
      32.075017975464135,
      34.76854154683227
    ],
    [
      32.05655,
      34.76875223054887
    ],
    [
      32.0705680609958,
      34.77079766002589
    ],
    [
      32.08873488892939,
      34.78125315088999
    ],
    [
      32.08417667852822,
      34.78130527968625
    ],
    [
      32.06471227010551,
      34.76141497996234
    ],
    [
      32.07528502652105,
      34.7794689098353
    ]
  ],
  "scooters_num": 100,
  "epsilon": 0,
  "grid_len": 15,
  "agent_chosen": "dynamic_RL"
}