{
  "samples_num": 180,
  "incomes_factor": 2,
  "expenses_factor": 1,
  "unused_scooters_factor": 5,
  "learning_time": 10,
  "optional_nests": [
            [32.06985162, 34.76805508], [32.06861665, 34.77031165], [32.08270537, 34.7729153], [32.06604365, 34.77143051],
            [32.09327646, 34.78953353], [32.07615101, 34.78162117], [32.07295694, 34.77763077], [32.07660039, 34.77040457],
            [32.06166055, 34.76591114], [32.08213774, 34.78169825], [32.06626945, 34.77645762], [32.06566583, 34.78598655],
            [32.06715686, 34.78763641], [32.07447227, 34.77633515], [32.08285895, 34.78094324], [32.07447241, 34.7763352],
            [32.08487137, 34.79201234], [32.0744723, 34.77633516], [32.06985162, 34.76805508], [32.07447233, 34.77633517]
  ],
  "scooters_num": 60,
  "epsilon": 0,
  "grid_len": 15,
  "agent_chosen": "dynamic_RL"
}