{
  "samples_num": 10,
  "incomes_factor": 1,
  "expenses_factor": 0.3,
  "learning_time": 10,
  "optional_nests": [
    [
      32.06769935,
      34.77602912
    ],
    [
      32.0877583,
      34.78287591
    ],
    [
      32.06658824,
      34.77097218
    ],
    [
      32.091354,
      34.794852
    ]
  ],
  "scooters_num": 10,
  "epsilon": 0,
  "grid_len": 15,
  "agent_chosen": "dynamic_RL"
}